titles,links,pubdate,location,description
Java backend developer with Integration and Hadoop Experience,https://mx.indeed.com/rc/clk?jk=4a3345bd09eaad5d&fccid=4b841d912d46e4fd&vjs=3,,Remoto,
Data Analyst - Remote,https://mx.indeed.com/company/Keyrenter/jobs/Data-analyst-9782e1257ba133d2?fccid=6a87f7b22f1a02c5&vjs=3,"Posted
Publicado hace 2 días","Remoto in Guadalajara, Jal.",
Salesforce Quality Analyst Engineer,https://mx.indeed.com/rc/clk?jk=378c6ed79c15204d&fccid=4788c7c004a57b8c&vjs=3,"Posted
Publicado hace 2 días",Remoto,
"Manager, Business Intelligence",https://mx.indeed.com/rc/clk?jk=15a809fe52eb6f25&fccid=a8e444e7cebff8e9&vjs=3,"Posted
Publicado hace 2 días",Remoto in Ciudad de México,
Tester Manual Bilingüe Home Office,https://mx.indeed.com/company/Reclutamiento-IT/jobs/Tester-manual-biling%C3%BCe-home-office-c41f82307a36db2e?fccid=999d713f5a3d2b66&vjs=3,"Posted
Publicado hace 2 días",Remoto in Tamaulipas,
Tester Manual Bilingüe Home Office,https://mx.indeed.com/company/Reclutamiento-IT/jobs/Tester-manual-biling%C3%BCe-home-office-62718027ff0a4f18?fccid=999d713f5a3d2b66&vjs=3,"Posted
Publicado hace 2 días",Remoto in Ciudad de México,
Sr. Business Intelligence Analyst,https://mx.indeed.com/rc/clk?jk=efdf8fd1f3022a52&fccid=a8e444e7cebff8e9&vjs=3,"Posted
Publicado hace 2 días",Remoto in Ciudad de México,
Tester Automation Bilingüe Home Office,https://mx.indeed.com/company/Reclutamiento-IT/jobs/Tester-automation-biling%C3%BCe-home-office-cdf36fbd6832e981?fccid=999d713f5a3d2b66&vjs=3,"Posted
Publicado hace 2 días","Remoto in Sinaloa, Sin.",
Tester Automation Bilingüe Home Office,https://mx.indeed.com/company/Reclutamiento-IT/jobs/Tester-automation-biling%C3%BCe-home-office-66b78ba9ce535aa4?fccid=999d713f5a3d2b66&vjs=3,"Posted
Publicado hace 2 días",Remoto in Ciudad de México,
Tester Manual Bilingüe Home Office,https://mx.indeed.com/company/Reclutamiento-IT/jobs/Tester-manual-biling%C3%BCe-home-office-a917a6dc9352f58c?fccid=999d713f5a3d2b66&vjs=3,"Posted
Publicado hace 2 días","Remoto in Aguascalientes, Ags.",
Tester Manual Bilingüe Home Office,https://mx.indeed.com/company/Reclutamiento-IT/jobs/Tester-manual-biling%C3%BCe-home-office-54262a41411123fe?fccid=999d713f5a3d2b66&vjs=3,"Posted
Publicado hace 2 días","Remoto in Sinaloa, Sin.",
Tester Manual Bilingüe Home Office,https://mx.indeed.com/company/Reclutamiento-IT/jobs/Tester-manual-biling%C3%BCe-home-office-274fa72198d58ec4?fccid=999d713f5a3d2b66&vjs=3,"Posted
Publicado hace 2 días","Remoto in Tijuana, B.C.",
Tester Automation Bilingüe Home Office,https://mx.indeed.com/company/Reclutamiento-IT/jobs/Tester-automation-biling%C3%BCe-home-office-cae3b60ea462b7eb?fccid=999d713f5a3d2b66&vjs=3,"Posted
Publicado hace 2 días","Remoto in Veracruz, Ver.",
Tester Manual Bilingüe Home Office,https://mx.indeed.com/company/Reclutamiento-IT/jobs/Tester-manual-biling%C3%BCe-home-office-eddd32f38a685379?fccid=999d713f5a3d2b66&vjs=3,"Posted
Publicado hace 2 días","Remoto in Guadalajara, Jal.",
Tester Automation Bilingüe Home Office,https://mx.indeed.com/company/Reclutamiento-IT/jobs/Tester-automation-biling%C3%BCe-home-office-8c6f93468c8ae836?fccid=999d713f5a3d2b66&vjs=3,,"Remoto in León, Gto.",
Tester Automation Bilingüe Home Office,https://mx.indeed.com/company/Reclutamiento-IT/jobs/Tester-automation-biling%C3%BCe-home-office-944991612786c490?fccid=999d713f5a3d2b66&vjs=3,,"Remoto in Puebla, Pue.",
Tester Automation Bilingüe Home Office,https://mx.indeed.com/company/Reclutamiento-IT/jobs/Tester-automation-biling%C3%BCe-home-office-afd90f567ffa7137?fccid=999d713f5a3d2b66&vjs=3,"Posted
Publicado hace 2 días","Remoto in Guadalajara, Jal.",
Tester Automation Bilingüe Home Office,https://mx.indeed.com/company/Reclutamiento-IT/jobs/Tester-automation-biling%C3%BCe-home-office-320d7a2b1c02c550?fccid=999d713f5a3d2b66&vjs=3,"Posted
Publicado hace 2 días","Remoto in Aguascalientes, Ags.",
Tester Manual Bilingüe Home Office,https://mx.indeed.com/company/Reclutamiento-IT/jobs/Tester-manual-biling%C3%BCe-home-office-73c0d0ef948dd1b4?fccid=999d713f5a3d2b66&vjs=3,"Posted
Publicado hace 2 días",Remoto in Tamaulipas,
Customer Master Data Analyst,https://mx.indeed.com/rc/clk?jk=d4ea6c2ee1ab316f&fccid=ea6bb53f0b18b8f2&vjs=3,"Posted
Publicado hace 2 días","Remoto in 11560, Colonia Polanco, CDMX",
Business Intelligence Analysis (BIA) / Data Analyst,https://mx.indeed.com/rc/clk?jk=7b321c83b7261b27&fccid=532afac41b2663f7&vjs=3,"Posted
Publicado hace 3 días",Remoto,
Business Analyst - SQL,https://mx.indeed.com/rc/clk?jk=591e75e0ac43da9f&fccid=298217a26e89e68e&vjs=3,"Posted
Publicado hace 3 días",Remoto,
Business Analyst - People Soft,https://mx.indeed.com/rc/clk?jk=12ee9eb660702ad8&fccid=298217a26e89e68e&vjs=3,"Posted
Publicado hace 3 días",Remoto,
"Financial Analyst, WW CX FP&amp;A",https://mx.indeed.com/rc/clk?jk=43f0bd0e55a7b3ad&fccid=dfc44f3b8c44a6db&vjs=3,"Posted
Publicado hace 3 días",Remoto in Ciudad de México,
Adobe Analytics,https://mx.indeed.com/rc/clk?jk=802c3916293e5008&fccid=7affa64765ffaf8f&vjs=3,"Posted
Publicado hace 3 días",Remoto,
Senior Business Analyst,https://mx.indeed.com/rc/clk?jk=b7ef3b6b0bd8c6f5&fccid=532afac41b2663f7&vjs=3,"Posted
Publicado hace 3 días",Remoto,
DataOps Architect (Engineer),https://mx.indeed.com/rc/clk?jk=e0967c4e13b9422e&fccid=7889c65a2e0e9690&vjs=3,"Posted
Publicado hace 3 días",Remoto,
HR Planning Analyst,https://mx.indeed.com/rc/clk?jk=e6f6c6b5d6ef0913&fccid=97299926ef79b544&vjs=3,"Posted
Publicado hace 3 días","Remoto in San Pedro Garza García, N. L.",
Remote Business Analyst,https://mx.indeed.com/rc/clk?jk=6cf80a7937fb7303&fccid=73b8e7a95ec845ba&vjs=3,"Posted
Publicado hace 3 días","Remoto in Benito Juárez, CDMX",
Compliance Analyst (REMOTE),https://mx.indeed.com/rc/clk?jk=829b563b667435ba&fccid=9c2a6011942e3adb&vjs=3,"Posted
Publicado hace 3 días",Remoto in Ciudad de México,
Full Stack Developer,https://mx.indeed.com/rc/clk?jk=79bf37b2e64e1234&fccid=24d0270ad713b48f&vjs=3,"Posted
Publicado hace 3 días",Remoto,
"Software Development Engineer - Frontend (@Remote, Chile, Colombia, Costa Rica, Mexico, Peru)",https://mx.indeed.com/rc/clk?jk=e64cc9ae31f3af50&fccid=fadf04ae846d3e97&vjs=3,,Remoto in Ciudad de México,
Senior Clinical Data Analyst,https://mx.indeed.com/rc/clk?jk=96440742dd890e80&fccid=a2ce486f2a6b8708&vjs=3,,Remoto,
Vantage Deployment Analyst bilingual - remote,https://mx.indeed.com/rc/clk?jk=c9ac57949a58614d&fccid=b0c284a30669d557&vjs=3,"Posted
Publicado hace 3 días",Remoto,
Senior Clinical Data Analyst,https://mx.indeed.com/rc/clk?jk=c27073172ccada09&fccid=a2ce486f2a6b8708&vjs=3,"Posted
Publicado hace 3 días",Remoto,
Salesforce Administrator,https://mx.indeed.com/company/BOND/jobs/Salesforce-administrator-80863391563e6f6a?fccid=43756764ed747869&vjs=3,"Posted
Publicado hace 4 días",Remoto,
Business Intelligence Analyst,https://mx.indeed.com/rc/clk?jk=915137a42ec63a9b&fccid=532afac41b2663f7&vjs=3,"Posted
Publicado hace 4 días",Remoto,
Pricing Analyst - CDMX,https://mx.indeed.com/rc/clk?jk=fe1ee1f6aa8604e0&fccid=d13187a50c252e33&vjs=3,"Posted
Publicado hace 4 días","Remoto in Benito Juárez, CDMX",
CBSM - HR Planning Analyst,https://mx.indeed.com/rc/clk?jk=0923e83203b67faf&fccid=a4b25052cb0c9989&vjs=3,"Posted
Publicado hace 4 días","Remoto in San Pedro Garza García, N. L.",
"Product Designer - Hopper Cloud, Cars Marketplaces and Experiences (Remote)",https://mx.indeed.com/rc/clk?jk=9bcdb3b73a02c20b&fccid=71eb96af97fae7e9&vjs=3,"Posted
Publicado hace 5 días",Remoto,
Compensation Analyst - Remote,https://mx.indeed.com/rc/clk?jk=a7a6b1c22442053d&fccid=528b726a6a0e9b3f&vjs=3,"Posted
Publicado hace 5 días",Remoto in Ciudad de México,
Sr. Compensation Analyst - Remote,https://mx.indeed.com/rc/clk?jk=8bbbbdb6e423de2e&fccid=528b726a6a0e9b3f&vjs=3,"Posted
Publicado hace 5 días",Remoto in Ciudad de México,
Business Analyst,https://mx.indeed.com/rc/clk?jk=6b90624b59f1dc75&fccid=2207285d0b2372d0&vjs=3,"Posted
Publicado hace 5 días",Remoto,
QA ANALYST,https://mx.indeed.com/rc/clk?jk=ccda2895ec4e2f0b&fccid=2f27a82023b4a64f&vjs=3,"Posted
Publicado hace 5 días",Remoto,
Data Analyst Bilingüe.,https://mx.indeed.com/company/AQUATUNEL-CAR-WASH/jobs/Data-analyst-biling%C3%BCe-a0168cbd89da26ea?fccid=b11328fac2a86ca4&vjs=3,"Posted
Publicado hace 5 días",Remoto,
Consultant - .Net/Sql,https://mx.indeed.com/rc/clk?jk=d136057d48db966c&fccid=298217a26e89e68e&vjs=3,"Posted
Publicado hace 5 días",Remoto,
Associate Product Support Analyst,https://mx.indeed.com/rc/clk?jk=e8b50b41ee4cbb86&fccid=298217a26e89e68e&vjs=3,"Posted
Publicado hace 6 días",Remoto,
"Senior Data Engineer, Data Analytics",https://mx.indeed.com/rc/clk?jk=2c6ed527c6770036&fccid=7136762d065a5ad7&vjs=3,,Remoto,
SDET Level 4 ( Mexico Remote),https://mx.indeed.com/rc/clk?jk=46d865228c5a71d5&fccid=91444a28cb181211&vjs=3,,Remoto in Ciudad de México,
SDET Level 4 ( Mexico Remote),https://mx.indeed.com/rc/clk?jk=5979d5eaf72df4a7&fccid=91444a28cb181211&vjs=3,"Posted
Publicado hace 6 días",Remoto in Ciudad de México,
"Senior Software Engineer, Data Analytics",https://mx.indeed.com/rc/clk?jk=280c721ff7618676&fccid=7136762d065a5ad7&vjs=3,"Posted
Publicado hace 6 días",Remoto,
Senior QA Analyst/QA Manual with capital markets experience,https://mx.indeed.com/rc/clk?jk=5401e56e3737bc53&fccid=4b841d912d46e4fd&vjs=3,"Posted
Publicado hace 6 días",Remoto,
Financial Systems Analyst (Remote),https://mx.indeed.com/company/TPI-Composites/jobs/Financial-systems-analyst-d32e429211806318?fccid=f566c488c4b0acef&vjs=3,"Posted
Publicado hace 6 días",Remoto in Ciudad de México,
CBSM - HR Planning Analyst,https://mx.indeed.com/rc/clk?jk=0923e83203b67faf&fccid=a4b25052cb0c9989&vjs=3,"Posted
Publicado hace 6 días","Remoto in San Pedro Garza García, N. L.",
"Product Designer - Hopper Cloud, Cars Marketplaces and Experiences (Remote)",https://mx.indeed.com/rc/clk?jk=9bcdb3b73a02c20b&fccid=71eb96af97fae7e9&vjs=3,"Posted
Publicado hace 6 días",Remoto,
Compensation Analyst - Remote,https://mx.indeed.com/rc/clk?jk=a7a6b1c22442053d&fccid=528b726a6a0e9b3f&vjs=3,"Posted
Publicado hace 7 días",Remoto in Ciudad de México,
Sr. Compensation Analyst - Remote,https://mx.indeed.com/rc/clk?jk=8bbbbdb6e423de2e&fccid=528b726a6a0e9b3f&vjs=3,"Posted
Publicado hace 7 días",Remoto in Ciudad de México,
Data Analyst Bilingüe.,https://mx.indeed.com/company/AQUATUNEL-CAR-WASH/jobs/Data-analyst-biling%C3%BCe-a0168cbd89da26ea?fccid=b11328fac2a86ca4&vjs=3,Publicado hace 6 días,Remoto,
Business Analyst,https://mx.indeed.com/rc/clk?jk=6b90624b59f1dc75&fccid=2207285d0b2372d0&vjs=3,,Remoto,
QA ANALYST,https://mx.indeed.com/rc/clk?jk=ccda2895ec4e2f0b&fccid=2f27a82023b4a64f&vjs=3,,Remoto,
Consultant - .Net/Sql,https://mx.indeed.com/rc/clk?jk=d136057d48db966c&fccid=298217a26e89e68e&vjs=3,"Posted
Publicado hace 5 días",Remoto,
Associate Product Support Analyst,https://mx.indeed.com/rc/clk?jk=e8b50b41ee4cbb86&fccid=298217a26e89e68e&vjs=3,"Posted
Publicado hace 5 días",Remoto,
"Senior Data Engineer, Data Analytics",https://mx.indeed.com/rc/clk?jk=2c6ed527c6770036&fccid=7136762d065a5ad7&vjs=3,"Posted
Publicado hace 5 días",Remoto,
SDET Level 4 ( Mexico Remote),https://mx.indeed.com/rc/clk?jk=46d865228c5a71d5&fccid=91444a28cb181211&vjs=3,"Posted
Publicado hace 5 días",Remoto in Ciudad de México,
SDET Level 4 ( Mexico Remote),https://mx.indeed.com/rc/clk?jk=5979d5eaf72df4a7&fccid=91444a28cb181211&vjs=3,"Posted
Publicado hace 5 días",Remoto in Ciudad de México,
Senior QA Analyst/QA Manual with capital markets experience,https://mx.indeed.com/rc/clk?jk=5401e56e3737bc53&fccid=4b841d912d46e4fd&vjs=3,"Posted
Publicado hace 6 días",Remoto,
Financial Systems Analyst (Remote),https://mx.indeed.com/company/TPI-Composites/jobs/Financial-systems-analyst-d32e429211806318?fccid=f566c488c4b0acef&vjs=3,"Posted
Publicado hace 6 días",Remoto in Ciudad de México,
"Senior Software Engineer, Data Analytics",https://mx.indeed.com/rc/clk?jk=280c721ff7618676&fccid=7136762d065a5ad7&vjs=3,"Posted
Publicado hace 6 días",Remoto,
CBSM - HR Planning Analyst,https://mx.indeed.com/rc/clk?jk=0923e83203b67faf&fccid=a4b25052cb0c9989&vjs=3,"Posted
Publicado hace 6 días","Remoto in San Pedro Garza García, N. L.",
"Product Designer - Hopper Cloud, Cars Marketplaces and Experiences (Remote)",https://mx.indeed.com/rc/clk?jk=9bcdb3b73a02c20b&fccid=71eb96af97fae7e9&vjs=3,"Posted
Publicado hace 6 días",Remoto,
Compensation Analyst - Remote,https://mx.indeed.com/rc/clk?jk=a7a6b1c22442053d&fccid=528b726a6a0e9b3f&vjs=3,"Posted
Publicado hace 6 días",Remoto in Ciudad de México,
Sr. Compensation Analyst - Remote,https://mx.indeed.com/rc/clk?jk=8bbbbdb6e423de2e&fccid=528b726a6a0e9b3f&vjs=3,"Posted
Publicado hace 7 días",Remoto in Ciudad de México,
Data Analyst Bilingüe.,https://mx.indeed.com/company/AQUATUNEL-CAR-WASH/jobs/Data-analyst-biling%C3%BCe-a0168cbd89da26ea?fccid=b11328fac2a86ca4&vjs=3,"Posted
Publicado hace 7 días",Remoto,
Business Analyst,https://mx.indeed.com/rc/clk?jk=6b90624b59f1dc75&fccid=2207285d0b2372d0&vjs=3,"Posted
Publicado hace 6 días",Remoto,
QA ANALYST,https://mx.indeed.com/rc/clk?jk=ccda2895ec4e2f0b&fccid=2f27a82023b4a64f&vjs=3,,Remoto,
Consultant - .Net/Sql,https://mx.indeed.com/rc/clk?jk=d136057d48db966c&fccid=298217a26e89e68e&vjs=3,,Remoto,
Associate Product Support Analyst,https://mx.indeed.com/rc/clk?jk=e8b50b41ee4cbb86&fccid=298217a26e89e68e&vjs=3,"Posted
Publicado hace 5 días",Remoto,
"Senior Data Engineer, Data Analytics",https://mx.indeed.com/rc/clk?jk=2c6ed527c6770036&fccid=7136762d065a5ad7&vjs=3,"Posted
Publicado hace 5 días",Remoto,
SDET Level 4 ( Mexico Remote),https://mx.indeed.com/rc/clk?jk=46d865228c5a71d5&fccid=91444a28cb181211&vjs=3,"Posted
Publicado hace 5 días",Remoto in Ciudad de México,
SDET Level 4 ( Mexico Remote),https://mx.indeed.com/rc/clk?jk=5979d5eaf72df4a7&fccid=91444a28cb181211&vjs=3,"Posted
Publicado hace 5 días",Remoto in Ciudad de México,
Senior QA Analyst/QA Manual with capital markets experience,https://mx.indeed.com/rc/clk?jk=5401e56e3737bc53&fccid=4b841d912d46e4fd&vjs=3,"Posted
Publicado hace 5 días",Remoto,
Financial Systems Analyst (Remote),https://mx.indeed.com/company/TPI-Composites/jobs/Financial-systems-analyst-d32e429211806318?fccid=f566c488c4b0acef&vjs=3,"Posted
Publicado hace 6 días",Remoto in Ciudad de México,
"Senior Software Engineer, Data Analytics",https://mx.indeed.com/rc/clk?jk=280c721ff7618676&fccid=7136762d065a5ad7&vjs=3,"Posted
Publicado hace 6 días",Remoto,
CBSM - HR Planning Analyst,https://mx.indeed.com/rc/clk?jk=0923e83203b67faf&fccid=a4b25052cb0c9989&vjs=3,"Posted
Publicado hace 6 días","Remoto in San Pedro Garza García, N. L.",
"Product Designer - Hopper Cloud, Cars Marketplaces and Experiences (Remote)",https://mx.indeed.com/rc/clk?jk=9bcdb3b73a02c20b&fccid=71eb96af97fae7e9&vjs=3,"Posted
Publicado hace 6 días",Remoto,
Compensation Analyst - Remote,https://mx.indeed.com/rc/clk?jk=a7a6b1c22442053d&fccid=528b726a6a0e9b3f&vjs=3,"Posted
Publicado hace 6 días",Remoto in Ciudad de México,
Sr. Compensation Analyst - Remote,https://mx.indeed.com/rc/clk?jk=8bbbbdb6e423de2e&fccid=528b726a6a0e9b3f&vjs=3,"Posted
Publicado hace 6 días",Remoto in Ciudad de México,
Data Analyst Bilingüe.,https://mx.indeed.com/company/AQUATUNEL-CAR-WASH/jobs/Data-analyst-biling%C3%BCe-a0168cbd89da26ea?fccid=b11328fac2a86ca4&vjs=3,"Posted
Publicado hace 7 días",Remoto,
Business Analyst,https://mx.indeed.com/rc/clk?jk=6b90624b59f1dc75&fccid=2207285d0b2372d0&vjs=3,"Posted
Publicado hace 7 días",Remoto,
QA ANALYST,https://mx.indeed.com/rc/clk?jk=ccda2895ec4e2f0b&fccid=2f27a82023b4a64f&vjs=3,"Posted
Publicado hace 6 días",Remoto,
Consultant - .Net/Sql,https://mx.indeed.com/rc/clk?jk=d136057d48db966c&fccid=298217a26e89e68e&vjs=3,,Remoto,
Associate Product Support Analyst,https://mx.indeed.com/rc/clk?jk=e8b50b41ee4cbb86&fccid=298217a26e89e68e&vjs=3,,Remoto,
"Senior Data Engineer, Data Analytics",https://mx.indeed.com/rc/clk?jk=2c6ed527c6770036&fccid=7136762d065a5ad7&vjs=3,"Posted
Publicado hace 5 días",Remoto,
SDET Level 4 ( Mexico Remote),https://mx.indeed.com/rc/clk?jk=46d865228c5a71d5&fccid=91444a28cb181211&vjs=3,"Posted
Publicado hace 5 días",Remoto in Ciudad de México,
SDET Level 4 ( Mexico Remote),https://mx.indeed.com/rc/clk?jk=5979d5eaf72df4a7&fccid=91444a28cb181211&vjs=3,"Posted
Publicado hace 5 días",Remoto in Ciudad de México,
Senior QA Analyst/QA Manual with capital markets experience,https://mx.indeed.com/rc/clk?jk=5401e56e3737bc53&fccid=4b841d912d46e4fd&vjs=3,"Posted
Publicado hace 5 días",Remoto,
Financial Systems Analyst (Remote),https://mx.indeed.com/company/TPI-Composites/jobs/Financial-systems-analyst-d32e429211806318?fccid=f566c488c4b0acef&vjs=3,"Posted
Publicado hace 5 días",Remoto in Ciudad de México,
"Senior Software Engineer, Data Analytics",https://mx.indeed.com/rc/clk?jk=280c721ff7618676&fccid=7136762d065a5ad7&vjs=3,"Posted
Publicado hace 6 días",Remoto,
CBSM - HR Planning Analyst,https://mx.indeed.com/rc/clk?jk=0923e83203b67faf&fccid=a4b25052cb0c9989&vjs=3,"Posted
Publicado hace 6 días","Remoto in San Pedro Garza García, N. L.",
"Product Designer - Hopper Cloud, Cars Marketplaces and Experiences (Remote)",https://mx.indeed.com/rc/clk?jk=9bcdb3b73a02c20b&fccid=71eb96af97fae7e9&vjs=3,"Posted
Publicado hace 6 días",Remoto,
Compensation Analyst - Remote,https://mx.indeed.com/rc/clk?jk=a7a6b1c22442053d&fccid=528b726a6a0e9b3f&vjs=3,"Posted
Publicado hace 6 días",Remoto in Ciudad de México,
Sr. Compensation Analyst - Remote,https://mx.indeed.com/rc/clk?jk=8bbbbdb6e423de2e&fccid=528b726a6a0e9b3f&vjs=3,"Posted
Publicado hace 6 días",Remoto in Ciudad de México,
Data Analyst Bilingüe.,https://mx.indeed.com/company/AQUATUNEL-CAR-WASH/jobs/Data-analyst-biling%C3%BCe-a0168cbd89da26ea?fccid=b11328fac2a86ca4&vjs=3,"Posted
Publicado hace 6 días",Remoto,
Business Analyst,https://mx.indeed.com/rc/clk?jk=6b90624b59f1dc75&fccid=2207285d0b2372d0&vjs=3,"Posted
Publicado hace 7 días",Remoto,
QA ANALYST,https://mx.indeed.com/rc/clk?jk=ccda2895ec4e2f0b&fccid=2f27a82023b4a64f&vjs=3,"Posted
Publicado hace 7 días",Remoto,
Consultant - .Net/Sql,https://mx.indeed.com/rc/clk?jk=d136057d48db966c&fccid=298217a26e89e68e&vjs=3,"Posted
Publicado hace 6 días",Remoto,
Associate Product Support Analyst,https://mx.indeed.com/rc/clk?jk=e8b50b41ee4cbb86&fccid=298217a26e89e68e&vjs=3,,Remoto,
"Senior Data Engineer, Data Analytics",https://mx.indeed.com/rc/clk?jk=2c6ed527c6770036&fccid=7136762d065a5ad7&vjs=3,,Remoto,
SDET Level 4 ( Mexico Remote),https://mx.indeed.com/rc/clk?jk=46d865228c5a71d5&fccid=91444a28cb181211&vjs=3,"Posted
Publicado hace 5 días",Remoto in Ciudad de México,
SDET Level 4 ( Mexico Remote),https://mx.indeed.com/rc/clk?jk=5979d5eaf72df4a7&fccid=91444a28cb181211&vjs=3,"Posted
Publicado hace 5 días",Remoto in Ciudad de México,
Senior QA Analyst/QA Manual with capital markets experience,https://mx.indeed.com/rc/clk?jk=5401e56e3737bc53&fccid=4b841d912d46e4fd&vjs=3,"Posted
Publicado hace 5 días",Remoto,
Financial Systems Analyst (Remote),https://mx.indeed.com/company/TPI-Composites/jobs/Financial-systems-analyst-d32e429211806318?fccid=f566c488c4b0acef&vjs=3,"Posted
Publicado hace 5 días",Remoto in Ciudad de México,
"Senior Software Engineer, Data Analytics",https://mx.indeed.com/rc/clk?jk=280c721ff7618676&fccid=7136762d065a5ad7&vjs=3,"Posted
Publicado hace 5 días",Remoto,
CBSM - HR Planning Analyst,https://mx.indeed.com/rc/clk?jk=0923e83203b67faf&fccid=a4b25052cb0c9989&vjs=3,"Posted
Publicado hace 6 días","Remoto in San Pedro Garza García, N. L.",
"Product Designer - Hopper Cloud, Cars Marketplaces and Experiences (Remote)",https://mx.indeed.com/rc/clk?jk=9bcdb3b73a02c20b&fccid=71eb96af97fae7e9&vjs=3,"Posted
Publicado hace 6 días",Remoto,
Compensation Analyst - Remote,https://mx.indeed.com/rc/clk?jk=a7a6b1c22442053d&fccid=528b726a6a0e9b3f&vjs=3,"Posted
Publicado hace 6 días",Remoto in Ciudad de México,
Sr. Compensation Analyst - Remote,https://mx.indeed.com/rc/clk?jk=8bbbbdb6e423de2e&fccid=528b726a6a0e9b3f&vjs=3,"Posted
Publicado hace 6 días",Remoto in Ciudad de México,
Data Analyst Bilingüe.,https://mx.indeed.com/company/AQUATUNEL-CAR-WASH/jobs/Data-analyst-biling%C3%BCe-a0168cbd89da26ea?fccid=b11328fac2a86ca4&vjs=3,"Posted
Publicado hace 6 días",Remoto,
Business Analyst,https://mx.indeed.com/rc/clk?jk=6b90624b59f1dc75&fccid=2207285d0b2372d0&vjs=3,"Posted
Publicado hace 6 días",Remoto,
QA ANALYST,https://mx.indeed.com/rc/clk?jk=ccda2895ec4e2f0b&fccid=2f27a82023b4a64f&vjs=3,"Posted
Publicado hace 7 días",Remoto,
Consultant - .Net/Sql,https://mx.indeed.com/rc/clk?jk=d136057d48db966c&fccid=298217a26e89e68e&vjs=3,"Posted
Publicado hace 7 días",Remoto,
Associate Product Support Analyst,https://mx.indeed.com/rc/clk?jk=e8b50b41ee4cbb86&fccid=298217a26e89e68e&vjs=3,"Posted
Publicado hace 6 días",Remoto,
"Senior Data Engineer, Data Analytics",https://mx.indeed.com/rc/clk?jk=2c6ed527c6770036&fccid=7136762d065a5ad7&vjs=3,,Remoto,
SDET Level 4 ( Mexico Remote),https://mx.indeed.com/rc/clk?jk=46d865228c5a71d5&fccid=91444a28cb181211&vjs=3,,Remoto in Ciudad de México,
SDET Level 4 ( Mexico Remote),https://mx.indeed.com/rc/clk?jk=5979d5eaf72df4a7&fccid=91444a28cb181211&vjs=3,"Posted
Publicado hace 5 días",Remoto in Ciudad de México,
Senior QA Analyst/QA Manual with capital markets experience,https://mx.indeed.com/rc/clk?jk=5401e56e3737bc53&fccid=4b841d912d46e4fd&vjs=3,"Posted
Publicado hace 5 días",Remoto,
Financial Systems Analyst (Remote),https://mx.indeed.com/company/TPI-Composites/jobs/Financial-systems-analyst-d32e429211806318?fccid=f566c488c4b0acef&vjs=3,"Posted
Publicado hace 5 días",Remoto in Ciudad de México,
"Senior Software Engineer, Data Analytics",https://mx.indeed.com/rc/clk?jk=280c721ff7618676&fccid=7136762d065a5ad7&vjs=3,"Posted
Publicado hace 5 días",Remoto,
CBSM - HR Planning Analyst,https://mx.indeed.com/rc/clk?jk=0923e83203b67faf&fccid=a4b25052cb0c9989&vjs=3,"Posted
Publicado hace 5 días","Remoto in San Pedro Garza García, N. L.",
"Product Designer - Hopper Cloud, Cars Marketplaces and Experiences (Remote)",https://mx.indeed.com/rc/clk?jk=9bcdb3b73a02c20b&fccid=71eb96af97fae7e9&vjs=3,"Posted
Publicado hace 6 días",Remoto,
Compensation Analyst - Remote,https://mx.indeed.com/rc/clk?jk=a7a6b1c22442053d&fccid=528b726a6a0e9b3f&vjs=3,"Posted
Publicado hace 6 días",Remoto in Ciudad de México,
Sr. Compensation Analyst - Remote,https://mx.indeed.com/rc/clk?jk=8bbbbdb6e423de2e&fccid=528b726a6a0e9b3f&vjs=3,"Posted
Publicado hace 6 días",Remoto in Ciudad de México,
Data Analyst Bilingüe.,https://mx.indeed.com/company/AQUATUNEL-CAR-WASH/jobs/Data-analyst-biling%C3%BCe-a0168cbd89da26ea?fccid=b11328fac2a86ca4&vjs=3,"Posted
Publicado hace 6 días",Remoto,
Business Analyst,https://mx.indeed.com/rc/clk?jk=6b90624b59f1dc75&fccid=2207285d0b2372d0&vjs=3,"Posted
Publicado hace 6 días",Remoto,
QA ANALYST,https://mx.indeed.com/rc/clk?jk=ccda2895ec4e2f0b&fccid=2f27a82023b4a64f&vjs=3,"Posted
Publicado hace 6 días",Remoto,
Consultant - .Net/Sql,https://mx.indeed.com/rc/clk?jk=d136057d48db966c&fccid=298217a26e89e68e&vjs=3,"Posted
Publicado hace 7 días",Remoto,
Associate Product Support Analyst,https://mx.indeed.com/rc/clk?jk=e8b50b41ee4cbb86&fccid=298217a26e89e68e&vjs=3,"Posted
Publicado hace 7 días",Remoto,
"Senior Data Engineer, Data Analytics",https://mx.indeed.com/rc/clk?jk=2c6ed527c6770036&fccid=7136762d065a5ad7&vjs=3,"Posted
Publicado hace 6 días",Remoto,
SDET Level 4 ( Mexico Remote),https://mx.indeed.com/rc/clk?jk=46d865228c5a71d5&fccid=91444a28cb181211&vjs=3,,Remoto in Ciudad de México,
SDET Level 4 ( Mexico Remote),https://mx.indeed.com/rc/clk?jk=5979d5eaf72df4a7&fccid=91444a28cb181211&vjs=3,,Remoto in Ciudad de México,
Senior QA Analyst/QA Manual with capital markets experience,https://mx.indeed.com/rc/clk?jk=5401e56e3737bc53&fccid=4b841d912d46e4fd&vjs=3,"Posted
Publicado hace 5 días",Remoto,
Financial Systems Analyst (Remote),https://mx.indeed.com/company/TPI-Composites/jobs/Financial-systems-analyst-d32e429211806318?fccid=f566c488c4b0acef&vjs=3,"Posted
Publicado hace 5 días",Remoto in Ciudad de México,
"Senior Software Engineer, Data Analytics",https://mx.indeed.com/rc/clk?jk=280c721ff7618676&fccid=7136762d065a5ad7&vjs=3,"Posted
Publicado hace 5 días",Remoto,
,,"Posted
Publicado hace 5 días",,
,,"Posted
Publicado hace 5 días",,
,,"Posted
Publicado hace 6 días",,
,,"Posted
Publicado hace 6 días",,
,,"Posted
Publicado hace 6 días",,
,,"Posted
Publicado hace 6 días",,
,,"Posted
Publicado hace 6 días",,
,,"Posted
Publicado hace 6 días",,
,,"Posted
Publicado hace 7 días",,
,,"Posted
Publicado hace 7 días",,
,,"Posted
Publicado hace 6 días",,
,,,,
